image_id,company_name,supervisor,date,total_hours_sum
clock_0000,Riverstone Analytics,Taylor Garcia,2025-11-02,113.17
clock_0001,Acme Corp,Jamie Garcia,2025-08-03,107.67
clock_0002,Summit Advisory,Riley Davis,2025-12-01,114.75
clock_0003,Resolution Economics LLC,Riley Davis,2025-10-17,120.84
clock_0004,Summit Advisory,Taylor Lee,2025-09-23,112.57
clock_0005,Summit Advisory,Priya Gonzalez,2025-01-27,117.4
clock_0006,Resolution Economics LLC,Taylor Lee,2025-08-22,115.35
clock_0007,Riverstone Analytics,Mia Lee,2025-08-09,115.2
clock_0008,Summit Advisory,Riley Wilson,2025-03-08,118.02
clock_0009,Riverstone Analytics,Ethan Clark,2025-03-20,108.29
