{
  "image_id": "clock_0005",
  "image_size": [
    1700,
    2200
  ],
  "fields": {
    "row1_employee_name": {
      "bbox": [
        80,
        430,
        388,
        540
      ],
      "text": "Ethan Clark"
    },
    "row1_clock_in_am": {
      "bbox": [
        388,
        430,
        557,
        540
      ],
      "text": "10:15"
    },
    "row1_clock_out_am": {
      "bbox": [
        557,
        430,
        726,
        540
      ],
      "text": "13:15"
    },
    "row1_lunch": {
      "bbox": [
        726,
        430,
        864,
        540
      ],
      "text": "60m"
    },
    "row1_clock_in_pm": {
      "bbox": [
        864,
        430,
        1033,
        540
      ],
      "text": "14:15"
    },
    "row1_clock_out_pm": {
      "bbox": [
        1033,
        430,
        1202,
        540
      ],
      "text": "20:02"
    },
    "row1_total_hours": {
      "bbox": [
        1202,
        430,
        1356,
        540
      ],
      "text": "9.03"
    },
    "row1_signature": {
      "bbox": [
        1356,
        430,
        1620,
        540
      ],
      "text": ""
    },
    "row2_employee_name": {
      "bbox": [
        80,
        540,
        388,
        650
      ],
      "text": "Priya Clark"
    },
    "row2_clock_in_am": {
      "bbox": [
        388,
        540,
        557,
        650
      ],
      "text": "08:00"
    },
    "row2_clock_out_am": {
      "bbox": [
        557,
        540,
        726,
        650
      ],
      "text": "11:00"
    },
    "row2_lunch": {
      "bbox": [
        726,
        540,
        864,
        650
      ],
      "text": "30m"
    },
    "row2_clock_in_pm": {
      "bbox": [
        864,
        540,
        1033,
        650
      ],
      "text": "11:30"
    },
    "row2_clock_out_pm": {
      "bbox": [
        1033,
        540,
        1202,
        650
      ],
      "text": "15:27"
    },
    "row2_total_hours": {
      "bbox": [
        1202,
        540,
        1356,
        650
      ],
      "text": "7.45"
    },
    "row2_signature": {
      "bbox": [
        1356,
        540,
        1620,
        650
      ],
      "text": ""
    },
    "row3_employee_name": {
      "bbox": [
        80,
        650,
        388,
        760
      ],
      "text": "Jordan Garcia"
    },
    "row3_clock_in_am": {
      "bbox": [
        388,
        650,
        557,
        760
      ],
      "text": "10:00"
    },
    "row3_clock_out_am": {
      "bbox": [
        557,
        650,
        726,
        760
      ],
      "text": "13:00"
    },
    "row3_lunch": {
      "bbox": [
        726,
        650,
        864,
        760
      ],
      "text": "60m"
    },
    "row3_clock_in_pm": {
      "bbox": [
        864,
        650,
        1033,
        760
      ],
      "text": "14:00"
    },
    "row3_clock_out_pm": {
      "bbox": [
        1033,
        650,
        1202,
        760
      ],
      "text": "19:51"
    },
    "row3_total_hours": {
      "bbox": [
        1202,
        650,
        1356,
        760
      ],
      "text": "8.85"
    },
    "row3_signature": {
      "bbox": [
        1356,
        650,
        1620,
        760
      ],
      "text": ""
    },
    "row4_employee_name": {
      "bbox": [
        80,
        760,
        388,
        870
      ],
      "text": "Sam Lee"
    },
    "row4_clock_in_am": {
      "bbox": [
        388,
        760,
        557,
        870
      ],
      "text": "10:00"
    },
    "row4_clock_out_am": {
      "bbox": [
        557,
        760,
        726,
        870
      ],
      "text": "13:00"
    },
    "row4_lunch": {
      "bbox": [
        726,
        760,
        864,
        870
      ],
      "text": "60m"
    },
    "row4_clock_in_pm": {
      "bbox": [
        864,
        760,
        1033,
        870
      ],
      "text": "14:00"
    },
    "row4_clock_out_pm": {
      "bbox": [
        1033,
        760,
        1202,
        870
      ],
      "text": "19:50"
    },
    "row4_total_hours": {
      "bbox": [
        1202,
        760,
        1356,
        870
      ],
      "text": "8.83"
    },
    "row4_signature": {
      "bbox": [
        1356,
        760,
        1620,
        870
      ],
      "text": ""
    },
    "row5_employee_name": {
      "bbox": [
        80,
        870,
        388,
        980
      ],
      "text": "Riley Kim"
    },
    "row5_clock_in_am": {
      "bbox": [
        388,
        870,
        557,
        980
      ],
      "text": "07:30"
    },
    "row5_clock_out_am": {
      "bbox": [
        557,
        870,
        726,
        980
      ],
      "text": "10:30"
    },
    "row5_lunch": {
      "bbox": [
        726,
        870,
        864,
        980
      ],
      "text": "60m"
    },
    "row5_clock_in_pm": {
      "bbox": [
        864,
        870,
        1033,
        980
      ],
      "text": "11:30"
    },
    "row5_clock_out_pm": {
      "bbox": [
        1033,
        870,
        1202,
        980
      ],
      "text": "17:38"
    },
    "row5_total_hours": {
      "bbox": [
        1202,
        870,
        1356,
        980
      ],
      "text": "9.63"
    },
    "row5_signature": {
      "bbox": [
        1356,
        870,
        1620,
        980
      ],
      "text": ""
    },
    "row6_employee_name": {
      "bbox": [
        80,
        980,
        388,
        1090
      ],
      "text": "Priya Martinez"
    },
    "row6_clock_in_am": {
      "bbox": [
        388,
        980,
        557,
        1090
      ],
      "text": "10:45"
    },
    "row6_clock_out_am": {
      "bbox": [
        557,
        980,
        726,
        1090
      ],
      "text": "13:45"
    },
    "row6_lunch": {
      "bbox": [
        726,
        980,
        864,
        1090
      ],
      "text": "45m"
    },
    "row6_clock_in_pm": {
      "bbox": [
        864,
        980,
        1033,
        1090
      ],
      "text": "14:30"
    },
    "row6_clock_out_pm": {
      "bbox": [
        1033,
        980,
        1202,
        1090
      ],
      "text": "21:11"
    },
    "row6_total_hours": {
      "bbox": [
        1202,
        980,
        1356,
        1090
      ],
      "text": "10.18"
    },
    "row6_signature": {
      "bbox": [
        1356,
        980,
        1620,
        1090
      ],
      "text": ""
    },
    "row7_employee_name": {
      "bbox": [
        80,
        1090,
        388,
        1200
      ],
      "text": "Alex Wilson"
    },
    "row7_clock_in_am": {
      "bbox": [
        388,
        1090,
        557,
        1200
      ],
      "text": "08:00"
    },
    "row7_clock_out_am": {
      "bbox": [
        557,
        1090,
        726,
        1200
      ],
      "text": "11:00"
    },
    "row7_lunch": {
      "bbox": [
        726,
        1090,
        864,
        1200
      ],
      "text": "45m"
    },
    "row7_clock_in_pm": {
      "bbox": [
        864,
        1090,
        1033,
        1200
      ],
      "text": "11:45"
    },
    "row7_clock_out_pm": {
      "bbox": [
        1033,
        1090,
        1202,
        1200
      ],
      "text": "15:53"
    },
    "row7_total_hours": {
      "bbox": [
        1202,
        1090,
        1356,
        1200
      ],
      "text": "7.88"
    },
    "row7_signature": {
      "bbox": [
        1356,
        1090,
        1620,
        1200
      ],
      "text": ""
    },
    "row8_employee_name": {
      "bbox": [
        80,
        1200,
        388,
        1310
      ],
      "text": "Sam Wilson"
    },
    "row8_clock_in_am": {
      "bbox": [
        388,
        1200,
        557,
        1310
      ],
      "text": "08:00"
    },
    "row8_clock_out_am": {
      "bbox": [
        557,
        1200,
        726,
        1310
      ],
      "text": "12:00"
    },
    "row8_lunch": {
      "bbox": [
        726,
        1200,
        864,
        1310
      ],
      "text": "30m"
    },
    "row8_clock_in_pm": {
      "bbox": [
        864,
        1200,
        1033,
        1310
      ],
      "text": "12:30"
    },
    "row8_clock_out_pm": {
      "bbox": [
        1033,
        1200,
        1202,
        1310
      ],
      "text": "16:42"
    },
    "row8_total_hours": {
      "bbox": [
        1202,
        1200,
        1356,
        1310
      ],
      "text": "8.70"
    },
    "row8_signature": {
      "bbox": [
        1356,
        1200,
        1620,
        1310
      ],
      "text": ""
    },
    "row9_employee_name": {
      "bbox": [
        80,
        1310,
        388,
        1420
      ],
      "text": "Jordan Clark"
    },
    "row9_clock_in_am": {
      "bbox": [
        388,
        1310,
        557,
        1420
      ],
      "text": "08:45"
    },
    "row9_clock_out_am": {
      "bbox": [
        557,
        1310,
        726,
        1420
      ],
      "text": "12:45"
    },
    "row9_lunch": {
      "bbox": [
        726,
        1310,
        864,
        1420
      ],
      "text": "60m"
    },
    "row9_clock_in_pm": {
      "bbox": [
        864,
        1310,
        1033,
        1420
      ],
      "text": "13:45"
    },
    "row9_clock_out_pm": {
      "bbox": [
        1033,
        1310,
        1202,
        1420
      ],
      "text": "17:48"
    },
    "row9_total_hours": {
      "bbox": [
        1202,
        1310,
        1356,
        1420
      ],
      "text": "8.80"
    },
    "row9_signature": {
      "bbox": [
        1356,
        1310,
        1620,
        1420
      ],
      "text": ""
    },
    "row10_employee_name": {
      "bbox": [
        80,
        1420,
        388,
        1530
      ],
      "text": "Riley Young"
    },
    "row10_clock_in_am": {
      "bbox": [
        388,
        1420,
        557,
        1530
      ],
      "text": "07:15"
    },
    "row10_clock_out_am": {
      "bbox": [
        557,
        1420,
        726,
        1530
      ],
      "text": "11:15"
    },
    "row10_lunch": {
      "bbox": [
        726,
        1420,
        864,
        1530
      ],
      "text": "30m"
    },
    "row10_clock_in_pm": {
      "bbox": [
        864,
        1420,
        1033,
        1530
      ],
      "text": "11:45"
    },
    "row10_clock_out_pm": {
      "bbox": [
        1033,
        1420,
        1202,
        1530
      ],
      "text": "17:16"
    },
    "row10_total_hours": {
      "bbox": [
        1202,
        1420,
        1356,
        1530
      ],
      "text": "10.27"
    },
    "row10_signature": {
      "bbox": [
        1356,
        1420,
        1620,
        1530
      ],
      "text": ""
    },
    "row11_employee_name": {
      "bbox": [
        80,
        1530,
        388,
        1640
      ],
      "text": "Riley Patel"
    },
    "row11_clock_in_am": {
      "bbox": [
        388,
        1530,
        557,
        1640
      ],
      "text": "10:30"
    },
    "row11_clock_out_am": {
      "bbox": [
        557,
        1530,
        726,
        1640
      ],
      "text": "14:30"
    },
    "row11_lunch": {
      "bbox": [
        726,
        1530,
        864,
        1640
      ],
      "text": "30m"
    },
    "row11_clock_in_pm": {
      "bbox": [
        864,
        1530,
        1033,
        1640
      ],
      "text": "15:00"
    },
    "row11_clock_out_pm": {
      "bbox": [
        1033,
        1530,
        1202,
        1640
      ],
      "text": "21:12"
    },
    "row11_total_hours": {
      "bbox": [
        1202,
        1530,
        1356,
        1640
      ],
      "text": "10.20"
    },
    "row11_signature": {
      "bbox": [
        1356,
        1530,
        1620,
        1640
      ],
      "text": ""
    },
    "row12_employee_name": {
      "bbox": [
        80,
        1640,
        388,
        1750
      ],
      "text": "Jordan Wilson"
    },
    "row12_clock_in_am": {
      "bbox": [
        388,
        1640,
        557,
        1750
      ],
      "text": "07:15"
    },
    "row12_clock_out_am": {
      "bbox": [
        557,
        1640,
        726,
        1750
      ],
      "text": "11:15"
    },
    "row12_lunch": {
      "bbox": [
        726,
        1640,
        864,
        1750
      ],
      "text": "45m"
    },
    "row12_clock_in_pm": {
      "bbox": [
        864,
        1640,
        1033,
        1750
      ],
      "text": "12:00"
    },
    "row12_clock_out_pm": {
      "bbox": [
        1033,
        1640,
        1202,
        1750
      ],
      "text": "15:27"
    },
    "row12_total_hours": {
      "bbox": [
        1202,
        1640,
        1356,
        1750
      ],
      "text": "7.45"
    },
    "row12_signature": {
      "bbox": [
        1356,
        1640,
        1620,
        1750
      ],
      "text": ""
    },
    "row13_employee_name": {
      "bbox": [
        80,
        1750,
        388,
        1860
      ],
      "text": "Cameron Kim"
    },
    "row13_clock_in_am": {
      "bbox": [
        388,
        1750,
        557,
        1860
      ],
      "text": "07:30"
    },
    "row13_clock_out_am": {
      "bbox": [
        557,
        1750,
        726,
        1860
      ],
      "text": "10:30"
    },
    "row13_lunch": {
      "bbox": [
        726,
        1750,
        864,
        1860
      ],
      "text": "45m"
    },
    "row13_clock_in_pm": {
      "bbox": [
        864,
        1750,
        1033,
        1860
      ],
      "text": "11:15"
    },
    "row13_clock_out_pm": {
      "bbox": [
        1033,
        1750,
        1202,
        1860
      ],
      "text": "18:08"
    },
    "row13_total_hours": {
      "bbox": [
        1202,
        1750,
        1356,
        1860
      ],
      "text": "10.13"
    },
    "row13_signature": {
      "bbox": [
        1356,
        1750,
        1620,
        1860
      ],
      "text": ""
    }
  },
  "meta": {
    "company_name": "Summit Advisory",
    "supervisor": "Priya Gonzalez",
    "date": "2025-01-27"
  }
}